Rk,Player,Pos,Age,Tm,G,GS,MP,FG,FGA,FG%,3P,3PA,3P%,2P,2PA,2P%,eFG%,FT,FTA,FT%,ORB,DRB,TRB,AST,STL,BLK,TOV,PF,PTS
1,Steven Adams\adamsst01,C,26,OKC,7,7,187,26,52,.500,0,0,,26,52,.500,.500,6,23,.261,24,47,71,14,3,6,10,13,58
2,Bam Adebayo\adebaba01,C,22,MIA,9,9,286,37,68,.544,1,5,.200,36,63,.571,.551,40,67,.597,21,63,84,44,16,14,23,25,115
3,LaMarcus Aldridge\aldrila01,C,34,SAS,10,10,321,70,137,.511,3,12,.250,67,125,.536,.522,31,38,.816,21,40,61,24,7,18,22,24,174
4,Nickeil Alexander-Walker\alexani01,SG,21,NOP,10,0,123,18,62,.290,9,31,.290,9,31,.290,.363,5,6,.833,2,18,20,24,4,0,13,17,50
5,Grayson Allen\allengr01,SG,24,MEM,5,0,84,11,35,.314,5,19,.263,6,16,.375,.386,10,12,.833,1,9,10,8,2,0,7,10,37
6,Jarrett Allen\allenja01,C,21,BRK,9,6,238,31,51,.608,0,0,,31,51,.608,.608,19,36,.528,28,51,79,8,4,14,15,21,81
7,Al-Farouq Aminu\aminual01,PF,29,ORL,10,0,215,14,45,.311,6,19,.316,8,26,.308,.378,11,15,.733,12,39,51,10,10,6,9,22,45
8,Kyle Anderson\anderky01,SF,26,MEM,10,0,210,28,54,.519,2,10,.200,26,44,.591,.537,14,22,.636,7,34,41,23,7,8,8,19,72
9,Ryan Anderson\anderry01,PF,31,HOU,2,0,14,2,7,.286,1,5,.200,1,2,.500,.357,0,0,,0,7,7,2,1,0,1,1,5
10,Giannis Antetokounmpo\antetgi01,PF,25,MIL,10,10,331,107,183,.585,12,39,.308,95,144,.660,.617,71,110,.645,23,120,143,68,13,16,44,42,297
11,Kostas Antetokounmpo\antetko01,PF,22,LAL,2,0,3,0,0,,0,0,,0,0,,,0,0,,0,1,1,0,0,0,0,0,0
12,Thanasis Antetokounmpo\antetth01,SF,27,MIL,1,0,6,1,2,.500,0,0,,1,2,.500,.500,0,0,,2,0,2,1,0,0,0,0,2
13,OG Anunoby\anunoog01,SF,22,TOR,10,10,300,46,83,.554,19,36,.528,27,47,.574,.669,6,10,.600,12,44,56,18,12,13,10,24,117
14,Ryan Arcidiacono\arcidry01,PG,25,CHI,10,0,144,11,26,.423,7,14,.500,4,12,.333,.558,8,9,.889,5,13,18,14,5,1,3,17,37
15,Trevor Ariza\arizatr01,SF,34,SAC,9,0,208,15,39,.385,12,30,.400,3,9,.333,.538,4,4,1.000,4,32,36,9,7,0,6,17,46
16,D.J. Augustin\augusdj01,PG,32,ORL,10,5,253,34,83,.410,6,24,.250,28,59,.475,.446,19,22,.864,5,11,16,42,4,0,10,9,93
17,Deandre Ayton\aytonde01,C,21,PHO,1,1,33,9,14,.643,0,0,,9,14,.643,.643,0,0,,3,8,11,0,1,4,0,2,18
18,Dwayne Bacon\bacondw01,SG,24,CHO,10,10,253,38,111,.342,8,31,.258,30,80,.375,.378,15,22,.682,7,26,33,16,8,1,18,24,99
19,Marvin Bagley\baglema01,PF,20,SAC,1,1,28,6,16,.375,0,0,,6,16,.375,.375,2,4,.500,4,6,10,0,1,1,1,1,14
20,Lonzo Ball\balllo01,PG,22,NOP,8,8,232,34,82,.415,18,49,.367,16,33,.485,.524,6,10,.600,6,30,36,49,13,1,19,14,92
21,Mo Bamba\bambamo01,C,21,ORL,8,0,105,17,47,.362,5,17,.294,12,30,.400,.415,1,4,.250,11,25,36,3,3,9,6,16,40
22,J.J. Barea\bareajo01,PG,35,DAL,1,0,16,3,6,.500,3,4,.750,0,2,.000,.750,2,2,1.000,1,0,1,3,0,0,2,0,11
23,Harrison Barnes\barneha02,SF,27,SAC,9,9,304,52,106,.491,14,37,.378,38,69,.551,.557,22,29,.759,14,33,47,15,12,2,7,13,140
24,RJ Barrett\barrerj01,SG,19,NYK,10,10,353,58,145,.400,12,35,.343,46,110,.418,.441,27,61,.443,12,46,58,36,13,3,27,27,155
25,Will Barton\bartowi01,SG,29,DEN,7,7,224,35,82,.427,13,25,.520,22,57,.386,.506,21,27,.778,11,43,54,16,10,6,12,10,104
26,Nicolas Batum\batumni01,SF,31,CHO,1,0,11,0,0,,0,0,,0,0,,,0,0,,1,3,4,2,0,0,2,2,0
27,Aron Baynes\baynear01,C,33,PHO,9,8,217,53,90,.589,18,38,.474,35,52,.673,.689,18,24,.750,16,36,52,28,3,9,10,38,142
28,Kent Bazemore\bazemke01,SF,30,POR,10,1,238,29,77,.377,13,35,.371,16,42,.381,.461,8,13,.615,3,45,48,14,11,9,16,40,79
29,Darius Bazley\bazleda01,PF,19,OKC,10,0,179,17,42,.405,10,25,.400,7,17,.412,.524,5,8,.625,2,38,40,8,3,3,12,9,49
30,Bradley Beal\bealbr01,SG,26,WAS,8,8,286,72,178,.404,22,75,.293,50,103,.485,.466,43,54,.796,10,28,38,52,9,2,31,22,209
31,Malik Beasley\beaslma01,SG,23,DEN,9,0,146,21,57,.368,12,29,.414,9,28,.321,.474,3,3,1.000,3,10,13,7,6,1,11,12,57
32,Marco Belinelli\belinma01,SG,33,SAS,10,0,168,17,64,.266,9,34,.265,8,30,.267,.336,7,10,.700,0,13,13,14,3,0,5,10,50
33,Jordan Bell\belljo01,PF,25,MIN,4,0,43,9,13,.692,0,1,.000,9,12,.750,.692,5,5,1.000,5,14,19,5,0,1,9,4,23
34,DeAndre' Bembry\bembrde01,SG,25,ATL,9,0,234,34,61,.557,1,7,.143,33,54,.611,.566,9,22,.409,11,27,38,28,13,2,17,21,78
35,Davis Bertans\bertada01,PF,27,WAS,8,0,220,32,72,.444,25,56,.446,7,16,.438,.618,8,9,.889,2,21,23,9,4,3,5,22,97
36,Patrick Beverley\beverpa01,PG,31,LAC,10,10,301,27,75,.360,7,39,.179,20,36,.556,.407,10,15,.667,12,56,68,31,16,5,18,34,71
37,Khem Birch\birchkh01,C,27,ORL,4,0,45,1,5,.200,0,1,.000,1,4,.250,.200,2,8,.250,3,6,9,1,1,0,0,3,4
38,Goga Bitadze\bitadgo01,C,20,IND,6,2,109,14,29,.483,3,8,.375,11,21,.524,.534,9,12,.750,11,19,30,9,0,13,8,20,40
39,Bismack Biyombo\biyombi01,C,27,CHO,8,1,101,20,30,.667,0,0,,20,30,.667,.667,12,25,.480,9,12,21,7,2,4,8,16,52
40,Nemanja Bjelica\bjeline01,PF,31,SAC,9,8,211,32,60,.533,17,33,.515,15,27,.556,.675,2,2,1.000,12,29,41,20,9,3,10,19,83
41,Eric Bledsoe\bledser01,PG,30,MIL,10,10,266,62,134,.463,15,50,.300,47,84,.560,.519,24,31,.774,9,48,57,50,6,3,19,29,163
42,Bogdan Bogdanovic\bogdabo01,SG,27,SAC,9,0,224,35,93,.376,24,60,.400,11,33,.333,.505,14,20,.700,1,22,23,30,9,1,13,20,108
43,Bojan Bogdanovic\bogdabo02,SF,30,UTA,9,9,290,64,137,.467,27,61,.443,37,76,.487,.566,31,33,.939,1,37,38,18,8,4,27,21,186
44,Jonah Bolden\boldejo01,PF,24,PHI,2,0,5,1,1,1.000,0,0,,1,1,1.000,1.000,0,2,.000,0,0,0,0,1,0,1,0,2
45,Jordan Bone\bonejo01,PG,22,DET,2,0,4,0,3,.000,0,1,.000,0,2,.000,.000,0,0,,0,0,0,0,0,0,2,2,0
46,Isaac Bonga\bongais01,SF,20,WAS,7,7,149,13,29,.448,1,5,.200,12,24,.500,.466,6,9,.667,7,20,27,12,7,1,6,21,33
47,Devin Booker\bookede01,SG,23,PHO,9,9,309,84,154,.545,25,47,.532,59,107,.551,.627,39,42,.929,2,28,30,49,4,3,32,33,232
48,Chris Boucher\bouchch01,PF,27,TOR,8,0,83,13,30,.433,4,11,.364,9,19,.474,.500,7,10,.700,8,13,21,3,4,11,2,11,37
49,Ky Bowman\bowmaky01,PG,22,GSW,11,3,208,29,65,.446,7,19,.368,22,46,.478,.500,8,9,.889,1,20,21,22,8,0,13,17,73
50,Avery Bradley\bradlav01,SG,29,LAL,8,8,223,35,71,.493,8,25,.320,27,46,.587,.549,4,6,.667,5,24,29,11,10,1,9,21,82
51,Tony Bradley\bradlto01,C,22,UTA,7,0,62,14,22,.636,0,0,,14,22,.636,.636,7,12,.583,12,11,23,1,2,2,3,10,35
52,Jarrell Brantley\brantja01,PF,23,UTA,1,0,5,0,0,,0,0,,0,0,,,0,0,,0,3,3,1,0,1,0,0,0
53,Ignas Brazdeikis\brazdig01,SF,21,NYK,3,0,12,2,6,.333,0,1,.000,2,5,.400,.333,2,2,1.000,0,0,0,1,0,1,1,1,6
54,Mikal Bridges\bridgmi01,SF,23,PHO,9,0,183,17,39,.436,3,14,.214,14,25,.560,.474,6,8,.750,5,30,35,9,14,1,6,14,43
55,Miles Bridges\bridgmi02,SF,21,CHO,10,10,335,52,109,.477,17,47,.362,35,62,.565,.555,9,15,.600,14,42,56,20,2,8,24,22,130
56,Ryan Broekhoff\broekry01,SG,29,DAL,2,0,4,1,1,1.000,1,1,1.000,0,0,,1.500,0,0,,0,0,0,1,0,0,0,0,3
57,Malcolm Brogdon\brogdma01,PG,27,IND,10,10,337,74,159,.465,14,45,.311,60,114,.526,.509,46,47,.979,6,45,51,89,12,3,31,24,208
58,Dillon Brooks\brookdi01,SF,24,MEM,10,10,271,48,119,.403,16,44,.364,32,75,.427,.471,23,26,.885,12,27,39,20,10,4,12,45,135
59,Bruce Brown\brownbr01,SG,23,DET,11,7,292,32,81,.395,5,17,.294,27,64,.422,.426,15,25,.600,12,31,43,28,11,4,25,38,84
60,Charlie Brown\brownch02,SG,22,ATL,1,0,4,0,0,,0,0,,0,0,,,2,2,1.000,0,1,1,0,0,0,0,0,2
61,Jaylen Brown\brownja02,SG,23,BOS,6,6,188,44,83,.530,7,23,.304,37,60,.617,.572,24,31,.774,5,38,43,13,4,3,7,19,119
62,Moses Brown\brownmo01,C,20,POR,1,0,0,0,0,,0,0,,0,0,,,0,0,,0,0,0,0,0,0,0,0,0
63,Sterling Brown\brownst02,SG,24,MIL,7,0,85,15,29,.517,5,12,.417,10,17,.588,.603,4,6,.667,6,22,28,4,4,1,5,6,39
64,Troy Brown\browntr01,SG,20,WAS,5,1,105,16,38,.421,4,11,.364,12,27,.444,.474,6,6,1.000,11,15,26,7,8,1,6,6,42
65,Jalen Brunson\brunsja01,PG,23,DAL,10,3,209,32,75,.427,7,26,.269,25,49,.510,.473,12,20,.600,9,25,34,34,7,0,11,14,83
66,Thomas Bryant\bryanth01,C,22,WAS,8,8,241,46,88,.523,6,23,.261,40,65,.615,.557,20,25,.800,18,59,77,20,6,12,15,17,118
67,Trey Burke\burketr01,PG,27,PHI,2,0,37,6,15,.400,2,3,.667,4,12,.333,.467,3,4,.750,2,4,6,7,2,1,1,0,17
68,Alec Burks\burksal01,SG,28,GSW,8,1,205,38,80,.475,11,27,.407,27,53,.509,.544,26,28,.929,4,29,33,18,4,5,10,19,113
69,Deonte Burton\burtode02,SG,26,OKC,4,0,21,2,5,.400,2,4,.500,0,1,.000,.600,0,0,,0,4,4,0,1,0,2,3,6
70,Jimmy Butler\butleji01,SF,30,MIA,6,6,195,35,80,.438,5,19,.263,30,61,.492,.469,41,50,.820,14,25,39,33,17,4,13,8,116
71,Bruno Caboclo\cabocbr01,SF,24,MEM,7,0,71,12,29,.414,2,11,.182,10,18,.556,.448,0,0,,6,11,17,4,4,8,3,8,26
72,Kentavious Caldwell-Pope\caldwke01,SG,26,LAL,9,1,188,20,57,.351,5,21,.238,15,36,.417,.395,5,7,.714,3,16,19,14,6,1,7,17,50
73,Vlatko Cancar\cancavl01,SF,22,DEN,1,0,2,0,0,,0,0,,0,0,,,0,0,,0,0,0,0,0,0,0,0,0
74,Clint Capela\capelca01,C,25,HOU,10,10,300,61,96,.635,0,0,,61,96,.635,.635,13,28,.464,30,87,117,12,10,22,13,28,135
75,DeMarre Carroll\carrode01,SF,33,SAS,4,0,39,4,10,.400,2,5,.400,2,5,.400,.500,2,2,1.000,3,6,9,3,0,1,1,5,12
76,Jevon Carter\carteje01,PG,24,PHO,9,1,153,15,39,.385,10,26,.385,5,13,.385,.513,4,4,1.000,2,16,18,19,9,3,13,18,44
77,Vince Carter\cartevi01,SF,43,ATL,8,0,116,16,40,.400,4,24,.167,12,16,.750,.450,5,6,.833,1,16,17,4,4,1,3,11,41
78,Wendell Carter\cartewe01,C,20,CHI,10,10,269,50,86,.581,1,9,.111,49,77,.636,.587,27,41,.659,30,65,95,8,3,12,13,41,128
79,Michael Carter-Williams\cartemi01,PG,28,ORL,7,0,120,10,37,.270,3,14,.214,7,23,.304,.311,10,12,.833,10,18,28,12,8,5,6,11,33
80,Alex Caruso\carusal01,SG,25,LAL,8,0,142,13,35,.371,3,13,.231,10,22,.455,.414,3,5,.600,1,14,15,17,9,4,13,9,32
81,Willie Cauley-Stein\caulewi01,C,26,GSW,8,7,161,28,51,.549,0,0,,28,51,.549,.549,6,8,.750,9,41,50,9,7,9,7,26,62
82,Tyson Chandler\chandty01,C,37,HOU,9,0,61,8,9,.889,0,0,,8,9,.889,.889,0,1,.000,5,15,20,2,3,2,1,13,16
83,Chris Chiozza\chiozch01,PG,24,WAS,2,0,35,2,9,.222,2,4,.500,0,5,.000,.333,0,0,,0,4,4,7,2,2,3,6,6
84,Marquese Chriss\chrisma01,PF,22,GSW,10,1,154,23,45,.511,2,6,.333,21,39,.538,.533,16,18,.889,13,31,44,17,7,5,14,19,64
85,Brandon Clarke\clarkbr01,PF,23,MEM,9,1,199,45,75,.600,5,12,.417,40,63,.635,.633,11,12,.917,14,45,59,9,6,13,8,15,106
86,Jordan Clarkson\clarkjo01,SG,27,CLE,9,0,203,43,103,.417,14,47,.298,29,56,.518,.485,32,34,.941,3,14,17,20,9,4,11,11,132
87,Nicolas Claxton\claxtni01,PF,20,BRK,2,0,24,5,7,.714,0,0,,5,7,.714,.714,2,5,.400,6,2,8,3,0,0,0,3,12
88,Chris Clemons\clemoch01,PG,22,HOU,4,0,31,6,14,.429,5,13,.385,1,1,1.000,.607,2,2,1.000,2,1,3,2,0,1,3,6,19
89,John Collins\collijo01,PF,22,ATL,5,5,161,32,61,.525,9,19,.474,23,42,.548,.598,12,17,.706,10,34,44,8,5,10,7,17,85
90,Zach Collins\colliza01,PF,22,POR,3,3,86,9,19,.474,3,7,.429,6,12,.500,.553,6,6,1.000,4,8,12,6,0,2,6,11,27
91,Mike Conley\conlemi01,PG,32,UTA,10,10,300,46,126,.365,22,59,.373,24,67,.358,.452,30,37,.811,6,19,25,39,9,2,28,25,144
92,Pat Connaughton\connapa01,SG,27,MIL,8,0,131,16,42,.381,8,28,.286,8,14,.571,.476,1,1,1.000,1,24,25,12,2,3,3,9,41
93,Quinn Cook\cookqu01,PG,26,LAL,9,0,146,22,52,.423,7,21,.333,15,31,.484,.490,2,3,.667,3,10,13,21,3,1,8,7,53
94,Tyler Cook\cookty01,PF,22,CLE,4,0,10,3,4,.750,0,0,,3,4,.750,.750,0,0,,2,1,3,0,1,0,0,0,6
95,Robert Covington\covinro01,PF,29,MIN,10,10,263,41,98,.418,19,60,.317,22,38,.579,.515,19,20,.950,11,46,57,9,15,12,18,29,120
96,Torrey Craig\craigto01,SF,29,DEN,9,2,155,10,31,.323,4,17,.235,6,14,.429,.387,4,6,.667,8,25,33,11,3,8,5,23,28
97,Jae Crowder\crowdja01,SF,29,MEM,10,10,302,33,86,.384,20,63,.317,13,23,.565,.500,15,21,.714,8,48,56,30,12,5,14,22,101
98,Jarrett Culver\culveja01,SG,20,MIN,10,3,214,28,82,.341,10,36,.278,18,46,.391,.402,8,21,.381,7,20,27,21,7,1,15,23,74
99,Seth Curry\curryse01,SG,29,DAL,10,6,198,25,61,.410,14,38,.368,11,23,.478,.525,15,17,.882,3,9,12,13,7,2,9,19,79
100,Stephen Curry\curryst01,PG,31,GSW,4,4,112,27,66,.409,9,37,.243,18,29,.621,.477,18,18,1.000,4,16,20,26,5,2,15,10,81
101,Troy Daniels\danietr01,SG,28,LAL,9,0,137,17,49,.347,12,38,.316,5,11,.455,.469,3,3,1.000,1,13,14,6,3,1,3,4,49
102,Anthony Davis\davisan02,PF,26,LAL,9,9,315,84,174,.483,7,25,.280,77,149,.517,.503,64,72,.889,25,67,92,29,11,28,28,26,239
103,Ed Davis\davised01,C,30,UTA,6,0,73,4,10,.400,0,0,,4,10,.400,.400,2,4,.500,9,22,31,1,1,3,5,14,10
104,Terence Davis\daviste02,SG,22,TOR,10,0,104,11,26,.423,6,14,.429,5,12,.417,.538,4,4,1.000,4,16,20,11,5,2,4,16,32
105,Dewayne Dedmon\dedmode01,C,30,SAC,9,4,154,16,47,.340,5,24,.208,11,23,.478,.394,9,9,1.000,18,27,45,5,3,6,17,25,46
106,Matthew Dellavedova\dellama01,PG,29,CLE,7,0,107,8,29,.276,1,17,.059,7,12,.583,.293,4,5,.800,3,11,14,14,4,1,6,12,21
107,DeMar DeRozan\derozde01,SG,30,SAS,10,10,332,75,152,.493,0,4,.000,75,148,.507,.493,44,57,.772,4,45,49,49,9,5,33,23,194
108,Cheick Diallo\diallch01,C,23,PHO,5,0,12,3,3,1.000,0,0,,3,3,1.000,1.000,3,4,.750,0,1,1,1,0,0,2,3,9
109,Hamidou Diallo\diallha01,SG,21,OKC,10,0,220,41,80,.513,2,12,.167,39,68,.574,.525,11,18,.611,14,27,41,8,15,4,13,23,95
110,Gorgui Dieng\dienggo01,C,30,MIN,7,2,85,17,37,.459,2,12,.167,15,25,.600,.486,8,10,.800,8,21,29,8,6,7,6,5,44
111,Spencer Dinwiddie\dinwisp01,SG,26,BRK,9,0,228,48,114,.421,15,48,.313,33,66,.500,.487,39,48,.813,3,20,23,43,6,3,23,30,150
112,Donte DiVincenzo\divindo01,SG,23,MIL,7,0,97,15,39,.385,9,20,.450,6,19,.316,.500,2,4,.500,5,15,20,7,8,2,7,12,41
113,Luka Doncic\doncilu01,PG,20,DAL,10,10,348,95,196,.485,28,88,.318,67,108,.620,.556,65,77,.844,16,87,103,91,11,1,45,25,283
114,Damyean Dotson\dotsoda01,SG,25,NYK,6,0,53,7,17,.412,4,9,.444,3,8,.375,.529,2,3,.667,0,4,4,3,1,1,3,2,20
115,Goran Dragic\dragigo01,PG,33,MIA,9,0,254,48,101,.475,24,53,.453,24,48,.500,.594,30,42,.714,2,31,33,43,4,3,23,15,150
116,Andre Drummond\drumman01,C,26,DET,11,11,386,92,167,.551,0,8,.000,92,159,.579,.551,39,56,.696,53,139,192,37,19,24,43,45,223
117,Jared Dudley\dudleja01,SF,34,LAL,6,0,36,2,3,.667,2,2,1.000,0,1,.000,1.000,0,0,,0,2,2,1,1,0,0,5,6
118,Kris Dunn\dunnkr01,PG,25,CHI,10,0,204,28,64,.438,2,15,.133,26,49,.531,.453,4,7,.571,6,19,25,28,22,2,7,29,62
119,Carsen Edwards\edwarca01,PG,21,BOS,8,0,86,10,32,.313,5,20,.250,5,12,.417,.391,7,9,.778,2,11,13,7,2,2,2,8,32
120,Wayne Ellington\ellinwa01,SG,32,NYK,8,1,137,14,45,.311,11,40,.275,3,5,.600,.433,0,1,.000,0,15,15,9,2,1,8,9,39
121,Joel Embiid\embiijo01,C,25,PHI,6,6,166,41,90,.456,7,21,.333,34,69,.493,.494,45,54,.833,19,52,71,18,6,10,21,25,134
122,James Ennis\ennisja01,SF,29,PHI,9,0,132,19,36,.528,3,11,.273,16,25,.640,.569,11,16,.688,13,27,40,5,4,1,7,15,52
123,Drew Eubanks\eubandr01,PF,22,SAS,1,0,2,0,2,.000,0,0,,0,2,.000,.000,0,0,,2,1,3,0,0,0,1,1,0
124,Jacob Evans\evansja02,SG,22,GSW,3,0,43,5,12,.417,4,8,.500,1,4,.250,.583,4,4,1.000,1,4,5,2,0,0,1,2,18
125,Tacko Fall\fallta01,C,24,BOS,1,0,4,2,4,.500,0,0,,2,4,.500,.500,0,0,,0,3,3,0,0,0,1,2,4
126,Derrick Favors\favorde01,C,28,NOP,7,5,146,26,44,.591,0,1,.000,26,43,.605,.591,1,3,.333,22,34,56,14,5,3,12,17,53
127,Terrance Ferguson\fergute01,SG,21,OKC,10,10,223,15,34,.441,8,21,.381,7,13,.538,.559,3,3,1.000,6,13,19,10,3,4,6,28,41
128,Bruno Fernando\fernabr01,C,21,ATL,9,0,103,18,30,.600,2,6,.333,16,24,.667,.633,4,9,.444,9,17,26,9,3,3,8,12,42
129,Yogi Ferrell\ferreyo01,PG,26,SAC,5,0,25,4,10,.400,1,4,.250,3,6,.500,.450,3,4,.750,0,3,3,3,1,1,1,2,12
130,Dorian Finney-Smith\finnedo01,PF,26,DAL,10,7,261,29,65,.446,10,35,.286,19,30,.633,.523,11,17,.647,21,34,55,7,7,2,13,18,79
131,Bryn Forbes\forbebr01,SG,26,SAS,10,10,274,49,120,.408,28,74,.378,21,46,.457,.525,18,20,.900,4,27,31,14,4,0,8,19,144
132,Evan Fournier\fournev01,SG,27,ORL,10,10,282,56,120,.467,20,50,.400,36,70,.514,.550,23,26,.885,1,33,34,31,6,3,19,25,155
133,De'Aaron Fox\foxde01,PG,22,SAC,9,9,288,55,128,.430,10,30,.333,45,98,.459,.469,44,62,.710,5,31,36,63,7,5,37,27,164
134,Melvin Frazier\frazime01,SG,23,ORL,1,0,6,1,5,.200,0,1,.000,1,4,.250,.200,0,0,,1,0,1,0,0,0,0,0,2
135,Tim Frazier\fraziti01,PG,29,DET,7,4,103,8,34,.235,3,12,.250,5,22,.227,.279,6,8,.750,3,5,8,24,6,0,7,15,25
136,Markelle Fultz\fultzma01,SG,21,ORL,10,5,235,41,87,.471,4,22,.182,37,65,.569,.494,11,14,.786,6,14,20,31,13,2,17,22,97
137,Wenyen Gabriel\gabriwe01,PF,22,SAC,5,0,34,3,12,.250,1,6,.167,2,6,.333,.292,4,7,.571,3,3,6,3,1,1,3,4,11
138,Daniel Gafford\gaffoda01,PF,21,CHI,3,0,10,0,0,,0,0,,0,0,,,0,0,,0,1,1,0,0,0,0,2,0
139,Danilo Gallinari\gallida01,PF,31,OKC,10,10,293,57,130,.438,31,71,.437,26,59,.441,.558,41,45,.911,4,46,50,17,8,1,11,18,186
140,Langston Galloway\gallola01,SG,28,DET,11,0,266,38,87,.437,21,46,.457,17,41,.415,.557,31,34,.912,3,20,23,21,7,5,6,12,128
141,Darius Garland\garlada01,PG,20,CLE,9,9,255,30,91,.330,8,30,.267,22,61,.361,.374,12,14,.857,3,12,15,35,8,0,23,10,80
142,Marc Gasol\gasolma01,C,35,TOR,10,10,275,22,63,.349,11,29,.379,11,34,.324,.437,10,12,.833,8,60,68,23,3,5,19,31,65
143,Rudy Gay\gayru01,PF,33,SAS,10,0,227,40,83,.482,10,34,.294,30,49,.612,.542,18,22,.818,19,51,70,22,3,5,15,14,108
144,Taj Gibson\gibsota01,C,34,NYK,8,2,116,14,29,.483,0,3,.000,14,26,.538,.483,4,6,.667,11,16,27,10,4,1,8,17,32
145,Harry Giles\gilesha01,PF,21,SAC,1,0,8,1,2,.500,0,0,,1,2,.500,.500,2,2,1.000,0,1,1,0,0,1,0,1,4
146,Shai Gilgeous-Alexander\gilgesh01,SG,21,OKC,10,10,353,80,168,.476,18,44,.409,62,124,.500,.530,32,44,.727,9,49,58,34,7,7,19,14,210
147,Rudy Gobert\goberru01,C,27,UTA,10,10,343,42,64,.656,0,0,,42,64,.656,.656,39,64,.609,22,109,131,10,11,12,23,37,123
148,Aaron Gordon\gordoaa01,PF,24,ORL,10,10,305,53,113,.469,10,36,.278,43,77,.558,.513,20,28,.714,18,37,55,27,8,5,15,28,136
149,Eric Gordon\gordoer01,SG,31,HOU,9,2,265,34,110,.309,21,74,.284,13,36,.361,.405,9,14,.643,3,14,17,7,5,2,12,21,98
150,Devonte' Graham\grahade01,PG,24,CHO,10,0,313,52,127,.409,31,73,.425,21,54,.389,.531,44,56,.786,7,29,36,76,9,1,26,18,179
151,Treveon Graham\grahatr01,SG,26,MIN,10,9,259,28,76,.368,6,29,.207,22,47,.468,.408,12,13,.923,13,25,38,18,11,1,6,22,74
152,Jerami Grant\grantje01,PF,25,DEN,9,0,201,29,68,.426,7,27,.259,22,41,.537,.478,11,17,.647,6,19,25,11,4,4,10,17,76
153,Danny Green\greenda02,SG,32,LAL,9,9,240,28,68,.412,18,45,.400,10,23,.435,.544,4,6,.667,5,22,27,11,13,4,9,26,78
154,Draymond Green\greendr01,PF,29,GSW,6,6,167,20,49,.408,4,17,.235,16,32,.500,.449,7,10,.700,4,42,46,30,7,0,8,15,51
155,JaMychal Green\greenja01,PF,29,LAC,10,0,218,29,69,.420,19,46,.413,10,23,.435,.558,14,17,.824,13,50,63,3,2,3,9,28,91
156,Javonte Green\greenja02,SG,26,BOS,7,0,49,12,22,.545,1,6,.167,11,16,.688,.568,2,5,.400,1,4,5,2,2,0,0,7,27
157,Jeff Green\greenje02,PF,33,UTA,10,1,188,20,58,.345,13,36,.361,7,22,.318,.457,9,14,.643,2,20,22,5,5,4,10,17,62
158,Blake Griffin\griffbl01,F,30,DET,1,1,24,6,12,.500,1,3,.333,5,9,.556,.542,6,8,.750,0,7,7,6,0,0,4,1,19
159,Marko Guduric\gudurma01,SG,24,MEM,10,0,181,22,52,.423,6,21,.286,16,31,.516,.481,6,6,1.000,7,20,27,21,3,2,12,9,56
160,Rui Hachimura\hachiru01,SF,21,WAS,8,8,228,49,100,.490,4,16,.250,45,84,.536,.510,7,8,.875,18,31,49,12,5,1,9,14,109
161,Tim Hardaway\hardati02,SG,27,DAL,10,0,230,39,105,.371,21,64,.328,18,41,.439,.471,17,22,.773,3,20,23,14,1,1,4,22,116
162,James Harden\hardeja01,SG,30,HOU,10,10,357,99,243,.407,42,141,.298,57,102,.559,.494,133,151,.881,11,43,54,83,14,7,58,31,373
163,Maurice Harkless\harklma01,PF,26,LAC,10,0,213,24,48,.500,3,13,.231,21,35,.600,.531,6,10,.600,7,22,29,10,11,6,9,36,57
164,Jared Harper\harpeja01,PG,22,PHO,1,0,2,0,1,.000,0,1,.000,0,0,,.000,0,0,,0,0,0,0,0,0,0,0,0
165,Montrezl Harrell\harremo01,C,26,LAC,10,1,295,80,123,.650,0,2,.000,80,121,.661,.650,38,60,.633,27,44,71,22,9,12,21,25,198
166,Gary Harris\harriga01,SG,25,DEN,9,9,282,38,92,.413,13,34,.382,25,58,.431,.484,11,15,.733,6,25,31,13,12,1,10,20,100
167,Joe Harris\harrijo01,SG,28,BRK,9,9,288,46,90,.511,26,52,.500,20,38,.526,.656,5,7,.714,11,24,35,15,7,2,16,23,123
168,Tobias Harris\harrito02,SF,27,PHI,9,9,316,64,126,.508,10,35,.286,54,91,.593,.548,27,35,.771,7,70,77,29,12,6,21,29,165
169,Shaquille Harrison\harrish01,PG,26,CHI,5,0,21,3,10,.300,0,1,.000,3,9,.333,.300,4,6,.667,0,7,7,2,0,1,0,4,10
170,Josh Hart\hartjo01,SF,24,NOP,10,4,277,43,93,.462,22,57,.386,21,36,.583,.581,18,22,.818,13,53,66,14,14,4,14,29,126
171,Jaxson Hayes\hayesja02,C,19,NOP,7,0,98,19,28,.679,0,2,.000,19,26,.731,.679,8,15,.533,9,13,22,5,4,4,4,21,46
172,Gordon Hayward\haywago01,SF,29,BOS,8,8,249,61,110,.555,13,30,.433,48,80,.600,.614,16,19,.842,6,51,57,33,6,2,15,15,151
173,John Henson\hensojo01,PF,29,CLE,1,0,8,1,2,.500,0,1,.000,1,1,1.000,.500,1,6,.167,2,1,3,0,2,2,1,0,3
174,Juan Hernangómez\hernaju01,PF,24,DEN,3,0,19,1,5,.200,1,4,.250,0,1,.000,.300,0,0,,0,1,1,0,0,1,0,0,3
175,Willy Hernangómez\hernawi01,C,25,CHO,3,0,28,5,10,.500,1,2,.500,4,8,.500,.550,0,0,,4,2,6,1,1,2,2,1,11
176,Tyler Herro\herroty01,SG,20,MIA,9,3,263,41,98,.418,16,43,.372,25,55,.455,.500,20,24,.833,2,41,43,20,8,0,16,12,118
177,Mario Hezonja\hezonma01,SF,24,POR,10,3,230,19,60,.317,7,21,.333,12,39,.308,.375,9,11,.818,9,52,61,11,10,2,10,27,54
178,Buddy Hield\hieldbu01,SG,27,SAC,9,9,272,61,144,.424,32,79,.405,29,65,.446,.535,9,11,.818,7,32,39,14,6,5,25,23,163
179,George Hill\hillge01,PG,33,MIL,10,0,229,37,66,.561,15,26,.577,22,40,.550,.674,12,17,.706,13,18,31,29,9,1,5,18,101
180,Solomon Hill\hillso01,SF,28,MEM,8,0,134,17,36,.472,9,20,.450,8,16,.500,.597,7,12,.583,4,19,23,11,7,1,8,13,50
181,Jaylen Hoard\hoardja01,SF,20,POR,1,0,0,0,0,,0,0,,0,0,,,0,0,,0,1,1,0,0,0,0,0,0
182,Aaron Holiday\holidaa01,PG,23,IND,8,3,156,19,55,.345,11,24,.458,8,31,.258,.445,4,5,.800,3,14,17,20,7,1,8,13,53
183,Jrue Holiday\holidjr01,SG,29,NOP,8,8,280,44,121,.364,10,43,.233,34,78,.436,.405,19,25,.760,6,37,43,58,15,6,23,20,117
184,Justin Holiday\holidju01,SG,30,IND,10,0,230,22,58,.379,13,38,.342,9,20,.450,.491,6,9,.667,3,34,37,13,7,9,7,20,63
185,Rondae Hollis-Jefferson\holliro01,SF,25,TOR,3,0,48,8,17,.471,0,0,,8,17,.471,.471,4,6,.667,3,9,12,3,3,1,4,8,20
186,Richaun Holmes\holmeri01,C,26,SAC,9,5,226,40,63,.635,0,0,,40,63,.635,.635,10,14,.714,22,41,63,8,6,12,10,33,90
187,Rodney Hood\hoodro01,SF,27,POR,9,9,263,34,71,.479,15,31,.484,19,40,.475,.585,12,15,.800,7,28,35,5,8,4,9,23,95
188,Al Horford\horfoal01,PF,33,PHI,9,9,283,58,126,.460,14,42,.333,44,84,.524,.516,13,20,.650,20,47,67,36,10,10,10,28,143
189,Danuel House\houseda01,SF,26,HOU,10,9,292,38,80,.475,25,55,.455,13,25,.520,.631,17,21,.810,7,42,49,7,12,10,10,21,118
190,Dwight Howard\howardw01,C,34,LAL,9,0,184,26,33,.788,0,0,,26,33,.788,.788,6,14,.429,19,48,67,9,5,15,7,36,58
191,Kevin Huerter\huertke01,SG,21,ATL,9,2,210,28,71,.394,14,41,.341,14,30,.467,.493,12,15,.800,6,25,31,25,6,3,16,19,82
192,De'Andre Hunter\huntede01,SF,22,ATL,9,9,258,29,79,.367,10,35,.286,19,44,.432,.430,12,15,.800,5,34,39,13,4,2,14,19,80
193,Chandler Hutchison\hutchch01,SF,23,CHI,3,1,57,10,18,.556,2,4,.500,8,14,.571,.611,5,10,.500,1,10,11,1,2,2,3,9,27
194,Serge Ibaka\ibakase01,C,30,TOR,8,0,183,44,84,.524,5,16,.313,39,68,.574,.554,19,23,.826,7,45,52,6,5,10,17,19,112
195,Ersan Ilyasova\ilyaser01,PF,32,MIL,10,0,168,21,52,.404,8,30,.267,13,22,.591,.481,10,12,.833,11,42,53,5,5,5,5,23,60
196,Joe Ingles\inglejo01,SF,32,UTA,10,1,278,25,68,.368,14,46,.304,11,22,.500,.471,9,10,.900,2,37,39,37,8,1,14,25,73
197,Brandon Ingram\ingrabr01,PF,22,NOP,9,9,289,87,162,.537,23,49,.469,64,113,.566,.608,36,50,.720,10,56,66,35,7,8,28,27,233
198,Kyrie Irving\irvinky01,PG,27,BRK,9,9,301,94,202,.465,28,74,.378,66,128,.516,.535,54,58,.931,8,42,50,65,10,5,22,24,270
199,Jonathan Isaac\isaacjo01,SF,22,ORL,10,10,302,44,90,.489,14,37,.378,30,53,.566,.567,19,21,.905,11,56,67,16,14,30,17,22,121
200,Wesley Iwundu\iwundwe01,SF,25,ORL,3,0,28,1,11,.091,0,5,.000,1,6,.167,.091,2,4,.500,1,7,8,1,0,0,2,1,4
201,Frank Jackson\jacksfr01,PG,21,NOP,10,0,181,36,87,.414,12,38,.316,24,49,.490,.483,16,20,.800,3,8,11,15,8,1,15,20,100
202,Jaren Jackson\jacksja02,C,20,MEM,9,9,238,49,103,.476,11,34,.324,38,69,.551,.529,18,23,.783,13,33,46,14,4,10,22,35,127
203,Justin Jackson\jacksju01,SF,24,DAL,10,0,134,23,46,.500,10,22,.455,13,24,.542,.609,8,10,.800,6,19,25,3,1,0,4,9,64
204,Reggie Jackson\jacksre01,PG,29,DET,2,2,36,4,11,.364,1,5,.200,3,6,.500,.409,1,1,1.000,1,4,5,8,0,0,1,2,10
205,Justin James\jamesju01,SG,23,SAC,3,0,12,3,7,.429,0,2,.000,3,5,.600,.429,1,4,.250,0,2,2,1,1,1,0,0,7
206,LeBron James\jamesle01,SF,35,LAL,9,9,316,80,169,.473,15,47,.319,65,122,.533,.518,46,62,.742,9,66,75,99,11,6,32,15,221
207,Amile Jefferson\jeffeam01,PF,26,ORL,2,0,9,3,3,1.000,0,0,,3,3,1.000,1.000,0,0,,2,1,3,2,0,0,1,0,6
208,Alize Johnson\johnsal02,PF,23,IND,2,0,18,1,3,.333,0,0,,1,3,.333,.333,0,0,,2,2,4,0,0,0,0,2,2
209,Cameron Johnson\johnsca02,SF,23,PHO,7,0,101,18,37,.486,9,22,.409,9,15,.600,.608,3,4,.750,4,14,18,4,3,2,4,11,48
210,James Johnson\johnsja01,PF,32,MIA,4,0,57,8,17,.471,2,8,.250,6,9,.667,.529,2,4,.500,2,8,10,4,3,2,3,4,20
211,Stanley Johnson\johnsst04,SF,23,TOR,4,0,14,2,6,.333,1,4,.250,1,2,.500,.417,0,0,,1,3,4,0,1,0,4,4,5
212,Tyler Johnson\johnsty01,PG,27,PHO,9,0,168,27,59,.458,13,31,.419,14,28,.500,.568,8,10,.800,1,11,12,15,2,1,8,15,75
213,Nikola Jokic\jokicni01,C,24,DEN,9,9,281,59,132,.447,10,41,.244,49,91,.538,.485,22,30,.733,17,67,84,54,11,7,23,32,150
214,Damian Jones\jonesda03,C,24,ATL,8,0,112,16,24,.667,1,2,.500,15,22,.682,.688,3,6,.500,8,13,21,3,4,4,3,20,36
215,Derrick Jones\jonesde02,SF,22,MIA,4,0,57,12,20,.600,1,4,.250,11,16,.688,.625,3,3,1.000,3,5,8,2,3,0,2,11,28
216,Tyus Jones\jonesty01,PG,23,MEM,10,1,221,33,78,.423,4,22,.182,29,56,.518,.449,13,19,.684,0,13,13,52,12,0,15,13,83
217,DeAndre Jordan\jordade01,C,31,BRK,8,3,172,26,41,.634,0,0,,26,41,.634,.634,7,15,.467,17,60,77,14,3,9,10,20,59
218,Cory Joseph\josepco01,PG,28,SAC,9,0,155,23,53,.434,3,13,.231,20,40,.500,.462,9,9,1.000,7,12,19,20,3,4,12,15,58
219,Mfiondu Kabengele\kabenmf01,C,22,LAC,3,0,7,1,2,.500,1,2,.500,0,0,,.750,0,0,,0,1,1,0,0,1,0,1,3
220,Frank Kaminsky\kaminfr01,C,26,PHO,9,0,219,25,73,.342,5,32,.156,20,41,.488,.377,27,38,.711,6,45,51,21,1,4,15,21,82
221,Enes Kanter\kanteen01,C,27,BOS,2,1,31,6,9,.667,0,1,.000,6,8,.750,.667,2,7,.286,4,5,9,2,0,0,0,3,14
222,Luke Kennard\kennalu01,SG,23,DET,11,8,366,66,145,.455,32,75,.427,34,70,.486,.566,41,46,.891,4,40,44,45,3,0,18,23,205
223,Stanton Kidd\kiddst01,SF,27,UTA,4,0,15,0,3,.000,0,1,.000,0,2,.000,.000,0,0,,0,3,3,1,0,0,2,3,0
224,Michael Kidd-Gilchrist\kiddgmi01,SF,26,CHO,1,0,10,2,7,.286,1,1,1.000,1,6,.167,.357,0,0,,1,3,4,0,0,0,1,1,5
225,Maxi Kleber\klebima01,PF,28,DAL,9,4,248,31,68,.456,17,42,.405,14,26,.538,.581,13,15,.867,15,44,59,11,2,10,7,22,92
226,Brandon Knight\knighbr03,PG,28,CLE,3,0,38,5,15,.333,5,13,.385,0,2,.000,.500,1,2,.500,0,3,3,7,1,0,3,6,16
227,Kevin Knox\knoxke01,SF,20,NYK,10,0,228,33,79,.418,18,41,.439,15,38,.395,.532,19,28,.679,7,27,34,13,8,3,8,19,103
228,John Konchar\konchjo01,SG,23,MEM,1,0,7,0,0,,0,0,,0,0,,,0,0,,0,0,0,0,0,0,0,0,0
229,Furkan Korkmaz\korkmfu01,SG,22,PHI,9,1,191,30,63,.476,19,42,.452,11,21,.524,.627,9,12,.750,1,20,21,8,1,4,7,15,88
230,Luke Kornet\kornelu01,C,24,CHI,10,0,116,15,43,.349,5,23,.217,10,20,.500,.407,5,5,1.000,5,14,19,6,1,7,3,10,40
231,Kyle Korver\korveky01,SG,38,MIL,8,0,127,20,44,.455,17,35,.486,3,9,.333,.648,3,5,.600,4,10,14,1,2,1,7,9,60
232,Rodions Kurucs\kurucro01,SF,21,BRK,8,0,92,7,18,.389,3,4,.750,4,14,.286,.472,2,6,.333,5,15,20,1,4,0,11,15,19
233,Kyle Kuzma\kuzmaky01,PF,24,LAL,5,0,105,21,53,.396,6,30,.200,15,23,.652,.453,3,5,.600,2,18,20,2,0,1,8,8,51
234,Skal Labissière\labissk01,PF,23,POR,10,0,140,23,42,.548,0,1,.000,23,41,.561,.548,9,14,.643,21,17,38,8,1,9,11,29,55
235,Jeremy Lamb\lambje01,SG,27,IND,5,5,165,31,68,.456,6,21,.286,25,47,.532,.500,17,20,.850,5,27,32,11,7,4,6,14,85
236,Romeo Langford\langfro01,SG,20,BOS,1,0,0,0,0,,0,0,,0,0,,,0,0,,0,0,0,0,0,0,0,0,0
237,Zach LaVine\lavinza01,SG,24,CHI,10,10,322,72,169,.426,23,64,.359,49,105,.467,.494,28,37,.757,13,31,44,41,13,6,34,26,195
238,Jake Layman\laymaja01,PF,25,MIN,10,0,262,40,96,.417,15,42,.357,25,54,.463,.495,5,7,.714,9,19,28,7,9,8,14,22,100
239,T.J. Leaf\leaftj01,PF,22,IND,8,1,97,13,36,.361,2,6,.333,11,30,.367,.389,2,2,1.000,13,20,33,4,3,2,5,13,30
240,Courtney Lee\leeco01,SG,34,DAL,3,3,26,4,9,.444,0,3,.000,4,6,.667,.444,0,0,,0,1,1,0,0,0,0,2,8
241,Damion Lee\leeda03,SG,27,GSW,11,0,241,35,91,.385,12,35,.343,23,56,.411,.451,28,33,.848,9,34,43,20,8,0,13,18,110
242,Alex Len\lenal01,C,26,ATL,9,9,156,14,42,.333,2,17,.118,12,25,.480,.357,6,9,.667,10,30,40,8,3,14,8,20,36
243,Kawhi Leonard\leonaka01,SF,28,LAC,8,8,251,75,169,.444,11,40,.275,64,129,.496,.476,54,62,.871,12,56,68,47,18,8,33,21,215
244,Meyers Leonard\leoname01,C,27,MIA,9,9,177,27,45,.600,11,17,.647,16,28,.571,.722,4,6,.667,3,32,35,7,5,6,8,26,69
245,Caris LeVert\leverca01,SG,25,BRK,9,9,284,59,140,.421,13,36,.361,46,104,.442,.468,20,31,.645,10,35,45,36,6,1,31,20,151
246,Damian Lillard\lillada01,PG,29,POR,10,10,386,110,223,.493,40,102,.392,70,121,.579,.583,70,77,.909,5,47,52,68,13,5,27,21,330
247,Nassir Little\littlna01,SF,19,POR,3,0,27,3,9,.333,0,1,.000,3,8,.375,.333,2,2,1.000,1,4,5,0,1,1,0,4,8
248,Kevon Looney\looneke01,C,23,GSW,1,1,10,1,4,.250,1,1,1.000,0,3,.000,.375,0,0,,5,4,9,1,0,0,1,3,3
249,Brook Lopez\lopezbr01,C,31,MIL,10,10,273,34,88,.386,16,54,.296,18,34,.529,.477,19,21,.905,5,38,43,16,6,22,12,27,103
250,Robin Lopez\lopezro01,C,31,MIL,10,0,145,15,35,.429,3,16,.188,12,19,.632,.471,5,11,.455,4,17,21,6,2,5,10,16,38
251,Kevin Love\loveke01,PF,31,CLE,9,9,296,50,104,.481,18,52,.346,32,52,.615,.567,47,54,.870,10,111,121,33,7,5,29,17,165
252,Kyle Lowry\lowryky01,PG,33,TOR,8,8,289,54,113,.478,29,68,.426,25,45,.556,.606,37,42,.881,2,32,34,52,9,3,27,23,174
253,Trey Lyles\lylestr01,PF,24,SAS,10,10,201,20,39,.513,7,18,.389,13,21,.619,.603,4,7,.571,19,58,77,12,1,3,6,15,51
254,Daryl Macon\maconda01,SG,24,MIA,1,0,1,0,0,,0,0,,0,0,,,0,0,,0,0,0,0,0,0,0,0,0
255,Josh Magette\magetjo01,PG,30,ORL,1,0,6,2,4,.500,0,0,,2,4,.500,.500,0,0,,1,0,1,1,1,0,0,0,4
256,Thon Maker\makerth01,C,22,DET,11,0,154,12,26,.462,3,8,.375,9,18,.500,.519,7,13,.538,6,19,25,4,4,8,7,20,34
257,Terance Mann\mannte01,SG,23,LAC,6,0,16,2,3,.667,0,0,,2,3,.667,.667,0,0,,1,4,5,5,1,0,2,3,4
258,Boban Marjanovic\marjabo01,C,31,DAL,4,1,44,11,22,.500,0,0,,11,22,.500,.500,3,4,.750,7,13,20,3,1,1,5,6,25
259,Lauri Markkanen\markkla01,PF,22,CHI,10,10,305,47,122,.385,17,61,.279,30,61,.492,.455,38,47,.809,10,64,74,21,10,5,19,14,149
260,Caleb Martin\martica02,SF,24,CHO,3,0,25,2,9,.222,0,3,.000,2,6,.333,.222,1,3,.333,0,4,4,3,1,2,3,2,5
261,Cody Martin\martico01,SF,24,CHO,9,0,114,10,22,.455,1,7,.143,9,15,.600,.477,8,11,.727,3,20,23,9,8,1,2,14,29
262,Kelan Martin\martike03,SF,24,MIN,1,0,5,0,3,.000,0,1,.000,0,2,.000,.000,0,0,,0,1,1,0,0,0,0,1,0
263,Garrison Mathews\mathega01,SG,23,WAS,2,0,14,0,2,.000,0,2,.000,0,0,,.000,0,0,,0,1,1,2,0,0,1,3,0
264,Wesley Matthews\matthwe02,SG,33,MIL,10,10,242,24,56,.429,14,42,.333,10,14,.714,.554,2,3,.667,1,18,19,10,9,1,5,9,64
265,Patrick McCaw\mccawpa01,SF,24,TOR,2,0,40,3,5,.600,1,3,.333,2,2,1.000,.700,1,2,.500,2,4,6,3,3,0,3,3,8
266,CJ McCollum\mccolcj01,SG,28,POR,10,10,377,79,202,.391,16,52,.308,63,150,.420,.431,24,27,.889,9,33,42,32,8,5,26,35,198
267,T.J. McConnell\mccontj01,PG,27,IND,10,0,163,29,58,.500,0,1,.000,29,57,.509,.500,4,4,1.000,6,22,28,46,5,3,10,13,62
268,Jalen McDaniels\mcdanja01,PF,22,CHO,1,0,3,1,2,.500,0,0,,1,2,.500,.500,0,0,,1,0,1,0,0,0,0,0,2
269,Doug McDermott\mcderdo01,PF,28,IND,10,0,200,33,75,.440,17,38,.447,16,37,.432,.553,6,7,.857,5,21,26,15,2,1,10,22,89
270,JaVale McGee\mcgeeja01,C,32,LAL,9,9,144,27,43,.628,0,0,,27,43,.628,.628,3,6,.500,15,29,44,6,3,9,9,17,57
271,Rodney McGruder\mcgruro01,SG,28,LAC,6,0,70,1,9,.111,0,4,.000,1,5,.200,.111,0,0,,2,8,10,2,1,1,2,9,2
272,Alfonzo McKinnie\mckinal01,SF,27,CLE,5,0,17,1,1,1.000,1,1,1.000,0,0,,1.500,0,0,,1,3,4,0,0,0,1,3,3
273,Jordan McLaughlin\mclaujo01,PG,23,MIN,4,0,57,4,15,.267,1,8,.125,3,7,.429,.300,2,2,1.000,1,6,7,8,1,0,4,4,11
274,Ben McLemore\mclembe01,SG,26,HOU,10,0,155,15,45,.333,13,41,.317,2,4,.500,.478,8,11,.727,1,4,5,8,5,1,3,13,51
275,Jordan McRae\mcraejo01,SG,28,WAS,3,0,34,5,11,.455,1,3,.333,4,8,.500,.500,2,2,1.000,1,7,8,4,0,0,3,5,13
276,Nicolò Melli\mellini01,C,29,NOP,8,3,101,15,31,.484,5,18,.278,10,13,.769,.565,8,10,.800,5,13,18,7,1,2,10,12,43
277,De'Anthony Melton\meltode01,PG,21,MEM,4,0,35,5,15,.333,1,5,.200,4,10,.400,.367,0,2,.000,1,3,4,5,4,0,4,1,11
278,Chimezie Metu\metuch01,PF,22,SAS,3,0,14,3,8,.375,0,0,,3,8,.375,.375,1,2,.500,6,2,8,2,0,2,0,0,7
279,Khris Middleton\middlkh01,SF,28,MIL,10,10,308,65,139,.468,24,61,.393,41,78,.526,.554,31,35,.886,7,50,57,29,8,1,23,30,185
280,C.J. Miles\milescj01,SG,32,WAS,3,0,58,9,26,.346,4,14,.286,5,12,.417,.423,5,5,1.000,3,6,9,4,0,3,0,7,27
281,Malcolm Miller\millema01,SG,26,TOR,2,0,9,0,1,.000,0,1,.000,0,0,,.000,0,0,,0,4,4,0,0,0,0,2,0
282,Patty Mills\millspa02,PG,31,SAS,10,0,209,42,83,.506,22,47,.468,20,36,.556,.639,16,20,.800,3,13,16,17,9,0,13,19,122
283,Paul Millsap\millspa01,PF,34,DEN,9,9,239,34,78,.436,11,23,.478,23,55,.418,.506,30,31,.968,14,41,55,11,6,7,10,26,109
284,Shake Milton\miltosh01,SG,23,PHI,3,0,26,6,12,.500,4,9,.444,2,3,.667,.667,3,4,.750,0,2,2,3,0,0,4,5,19
285,Donovan Mitchell\mitchdo01,SG,23,UTA,10,10,344,91,189,.481,20,44,.455,71,145,.490,.534,44,57,.772,11,40,51,43,16,1,24,27,246
286,Malik Monk\monkma01,SG,21,CHO,10,0,194,32,69,.464,10,35,.286,22,34,.647,.536,7,9,.778,1,21,22,21,3,2,18,17,81
287,E'Twaun Moore\mooreet01,SG,30,NOP,5,0,83,16,36,.444,3,13,.231,13,23,.565,.486,4,5,.800,3,9,12,5,2,0,2,7,39
288,Ja Morant\moranja01,PG,20,MEM,9,9,244,61,132,.462,7,16,.438,54,116,.466,.489,31,42,.738,11,21,32,47,9,2,36,22,160
289,Marcus Morris\morrima03,PF,30,NYK,10,10,343,58,139,.417,24,55,.436,34,84,.405,.504,41,50,.820,9,48,57,12,12,7,19,34,181
290,Markieff Morris\morrima02,PF,30,DET,11,10,293,48,103,.466,17,42,.405,31,61,.508,.549,17,23,.739,4,39,43,20,8,1,26,29,130
291,Monte Morris\morrimo01,PG,24,DEN,9,0,156,22,58,.379,3,7,.429,19,51,.373,.405,7,8,.875,1,11,12,30,3,1,5,5,54
292,Johnathan Motley\motlejo01,PF,24,LAC,2,0,4,1,3,.333,1,1,1.000,0,2,.000,.500,0,0,,1,1,2,2,0,0,2,1,3
293,Emmanuel Mudiay\mudiaem01,PG,23,UTA,7,0,125,27,54,.500,3,12,.250,24,42,.571,.528,8,10,.800,1,17,18,22,3,3,16,11,65
294,Dejounte Murray\murrade01,PG,23,SAS,9,9,205,38,80,.475,2,10,.200,36,70,.514,.488,20,27,.741,12,57,69,46,14,5,28,18,98
295,Jamal Murray\murraja01,PG,22,DEN,9,9,303,63,141,.447,15,41,.366,48,100,.480,.500,28,33,.848,7,38,45,38,9,3,26,21,169
296,Džanan Musa\musadz01,SG,20,BRK,4,0,32,5,13,.385,0,7,.000,5,6,.833,.385,4,4,1.000,0,7,7,0,0,0,4,2,14
297,Mike Muscala\muscami01,C,28,OKC,9,0,112,11,39,.282,8,33,.242,3,6,.500,.385,4,4,1.000,3,19,22,10,1,3,5,16,34
298,Sviatoslav Mykhailiuk\mykhasv01,SG,22,DET,6,0,87,8,20,.400,7,15,.467,1,5,.200,.575,2,2,1.000,0,6,6,8,0,1,8,4,25
299,Abdel Nader\naderab01,SF,26,OKC,4,0,41,4,11,.364,3,8,.375,1,3,.333,.500,1,2,.500,1,6,7,1,0,0,5,4,12
300,Larry Nance\nancela02,C,27,CLE,9,0,217,31,62,.500,10,26,.385,21,36,.583,.581,14,18,.778,13,46,59,11,7,4,10,18,86
301,Shabazz Napier\napiesh01,PG,28,MIN,6,0,133,13,43,.302,7,31,.226,6,12,.500,.384,14,16,.875,1,14,15,27,9,3,12,4,47
302,Raul Neto\netora01,PG,27,PHI,8,2,117,19,35,.543,5,8,.625,14,27,.519,.614,0,0,,1,10,11,20,5,1,11,4,43
303,Georges Niang\niangge01,PF,26,UTA,9,0,82,9,19,.474,4,13,.308,5,6,.833,.579,5,6,.833,0,9,9,4,0,0,4,14,27
304,Nerlens Noel\noelne01,C,25,OKC,10,3,173,30,44,.682,0,0,,30,44,.682,.682,14,17,.824,10,32,42,17,7,16,12,26,74
305,Zach Norvell\norveza01,SG,22,LAL,2,0,5,0,1,.000,0,0,,0,1,.000,.000,0,0,,0,1,1,0,0,0,0,0,0
306,Jaylen Nowell\nowelja01,SG,20,MIN,1,0,1,0,0,,0,0,,0,0,,,0,0,,0,0,0,0,0,0,0,0,0
307,Frank Ntilikina\ntilila01,PG,21,NYK,9,5,218,19,50,.380,8,21,.381,11,29,.379,.460,2,4,.500,5,19,24,25,12,9,11,21,48
308,Kendrick Nunn\nunnke01,SG,24,MIA,9,9,256,59,129,.457,19,52,.365,40,77,.519,.531,12,14,.857,0,20,20,23,14,3,19,23,149
309,David Nwaba\nwabada01,SG,27,BRK,6,0,80,5,9,.556,1,3,.333,4,6,.667,.611,3,6,.500,2,15,17,2,2,4,5,12,14
310,Royce O'Neale\onealro01,PF,26,UTA,10,9,285,23,42,.548,10,20,.500,13,22,.591,.667,4,4,1.000,1,45,46,21,6,4,10,29,60
311,Kyle O'Quinn\oquinky01,C,29,PHI,8,0,76,14,26,.538,4,10,.400,10,16,.625,.615,2,6,.333,10,15,25,8,1,3,7,12,34
312,Semi Ojeleye\ojelese01,PF,25,BOS,9,0,84,2,8,.250,0,4,.000,2,4,.500,.250,3,5,.600,1,8,9,2,1,0,1,7,7
313,Jahlil Okafor\okafoja01,C,24,NOP,9,5,159,35,54,.648,0,0,,35,54,.648,.648,19,28,.679,16,28,44,11,4,10,15,25,89
314,Elie Okobo\okoboel01,PG,22,PHO,5,0,17,4,7,.571,1,3,.333,3,4,.750,.643,2,4,.500,0,2,2,4,1,0,0,1,11
315,Josh Okogie\okogijo01,SG,21,MIN,10,2,247,28,63,.444,6,23,.261,22,40,.550,.492,26,39,.667,17,36,53,20,14,3,17,26,88
316,KZ Okpala\okpalkz01,SF,20,MIA,2,0,3,0,0,,0,0,,0,0,,,0,0,,0,1,1,0,0,0,1,0,0
317,Kelly Olynyk\olynyke01,C,28,MIA,9,0,195,21,61,.344,12,38,.316,9,23,.391,.443,9,12,.750,8,38,46,15,9,5,14,33,63
318,Miye Oni\onimi01,G,22,UTA,1,0,2,0,0,,0,0,,0,0,,,0,0,,0,0,0,0,0,0,0,0,0
319,Cedi Osman\osmande01,SF,24,CLE,9,9,275,31,75,.413,18,43,.419,13,32,.406,.533,4,6,.667,3,24,27,21,10,2,9,22,84
320,Kelly Oubre\oubreke01,SF,24,PHO,9,9,272,55,112,.491,13,33,.394,42,79,.532,.549,32,40,.800,13,36,49,14,9,8,14,30,155
321,Jabari Parker\parkeja01,PF,24,ATL,9,4,241,66,116,.569,10,36,.278,56,80,.700,.612,16,24,.667,14,37,51,12,8,7,17,27,158
322,Eric Paschall\pascher01,PF,23,GSW,10,5,304,57,108,.528,6,21,.286,51,87,.586,.556,36,40,.900,11,33,44,14,6,4,12,20,156
323,Patrick Patterson\pattepa01,PF,30,LAC,10,10,209,19,54,.352,15,40,.375,4,14,.286,.491,2,4,.500,10,29,39,12,2,1,5,13,55
324,Justin Patton\pattoju01,C,22,OKC,1,0,6,0,2,.000,0,1,.000,0,1,.000,.000,0,0,,0,2,2,0,0,0,1,3,0
325,Chris Paul\paulch01,PG,34,OKC,10,10,299,52,113,.460,20,45,.444,32,68,.471,.549,37,44,.841,2,34,36,52,17,0,26,20,161
326,Elfrid Payton\paytoel01,PG,25,NYK,4,3,102,11,29,.379,5,8,.625,6,21,.286,.466,5,6,.833,3,9,12,15,10,0,7,8,32
327,Theo Pinson\pinsoth01,SG,24,BRK,2,0,10,1,4,.250,0,3,.000,1,1,1.000,.250,2,2,1.000,0,2,2,3,1,0,1,0,4
328,Mason Plumlee\plumlma01,C,29,DEN,9,0,147,19,35,.543,0,1,.000,19,34,.559,.543,13,24,.542,15,33,48,23,7,7,13,26,51
329,Vincent Poirier\poirivi01,C,26,BOS,4,0,20,2,7,.286,0,0,,2,7,.286,.286,0,0,,4,0,4,0,1,1,2,5,4
330,Jakob Pöltl\poeltja01,C,24,SAS,10,0,147,15,31,.484,0,0,,15,31,.484,.484,8,13,.615,20,27,47,14,3,7,8,19,38
331,Jordan Poole\poolejo01,SG,20,GSW,11,8,301,33,116,.284,17,59,.288,16,57,.281,.358,23,24,.958,2,23,25,24,9,3,18,28,106
332,Kevin Porter\porteke02,SG,19,CLE,8,0,152,18,52,.346,3,18,.167,15,34,.441,.375,12,12,1.000,4,17,21,8,3,4,9,18,51
333,Michael Porter\portemi01,PF,21,DEN,5,0,49,11,19,.579,2,5,.400,9,14,.643,.632,5,8,.625,6,7,13,1,0,0,3,4,29
334,Otto Porter\porteot01,SF,26,CHI,9,9,226,35,84,.417,16,40,.400,19,44,.432,.512,15,20,.750,8,23,31,14,9,3,7,20,101
335,Bobby Portis\portibo01,C,24,NYK,10,2,243,38,100,.380,8,27,.296,30,73,.411,.420,10,14,.714,28,54,82,15,8,4,10,21,94
336,Kristaps Porzingis\porzikr01,PF,24,DAL,9,9,283,59,147,.401,21,56,.375,38,91,.418,.473,26,38,.684,8,63,71,15,2,22,18,33,165
337,Dwight Powell\poweldw01,PF,28,DAL,7,5,186,26,41,.634,1,4,.250,25,37,.676,.646,10,19,.526,18,20,38,8,5,3,10,21,63
338,Norman Powell\powelno01,SG,26,TOR,10,2,257,34,78,.436,11,39,.282,23,39,.590,.506,20,24,.833,4,36,40,14,7,3,15,16,99
339,Julius Randle\randlju01,PF,25,NYK,10,10,334,59,136,.434,7,33,.212,52,103,.505,.460,30,48,.625,29,71,100,39,7,2,41,31,155
340,Cam Reddish\reddica01,SF,20,ATL,9,8,215,17,69,.246,6,28,.214,11,41,.268,.290,10,12,.833,5,30,35,14,11,2,18,15,50
341,J.J. Redick\redicjj01,SG,35,NOP,10,6,249,37,91,.407,30,66,.455,7,25,.280,.571,17,21,.810,2,17,19,14,4,5,18,16,121
342,Josh Richardson\richajo01,SG,26,PHI,9,9,306,43,106,.406,12,41,.293,31,65,.477,.462,22,25,.880,7,27,34,38,14,7,26,27,120
343,Austin Rivers\riverau01,SG,27,HOU,10,0,202,25,56,.446,15,35,.429,10,21,.476,.580,4,9,.444,5,18,23,14,0,0,4,19,69
344,Duncan Robinson\robindu01,PF,25,MIA,9,4,197,28,63,.444,19,48,.396,9,15,.600,.595,4,4,1.000,1,23,24,6,3,6,4,17,79
345,Glenn Robinson\robingl02,SF,26,GSW,11,11,341,47,97,.485,11,30,.367,36,67,.537,.541,12,14,.857,27,36,63,17,10,2,12,20,117
346,Jerome Robinson\robinje01,SG,22,LAC,5,0,39,6,16,.375,2,5,.400,4,11,.364,.438,0,0,,0,5,5,4,1,0,7,2,14
347,Justin Robinson\robinju01,PG,22,WAS,3,0,12,2,5,.400,1,1,1.000,1,4,.250,.500,0,0,,1,2,3,2,0,0,2,0,5
348,Mitchell Robinson\robinmi01,C,21,NYK,7,6,123,28,39,.718,0,0,,28,39,.718,.718,11,15,.733,21,21,42,4,5,13,5,22,67
349,Derrick Rose\rosede01,PG,31,DET,7,1,170,53,102,.520,1,6,.167,52,96,.542,.525,24,27,.889,3,9,12,43,8,4,23,8,131
350,Terrence Ross\rosste01,SG,28,ORL,8,0,174,25,77,.325,10,45,.222,15,32,.469,.390,10,11,.909,4,21,25,10,7,2,12,14,70
351,Terry Rozier\roziete01,PG,25,CHO,10,10,313,52,135,.385,19,56,.339,33,79,.418,.456,29,35,.829,5,33,38,51,10,3,33,29,152
352,Ricky Rubio\rubiori01,PG,29,PHO,8,8,254,37,89,.416,9,24,.375,28,65,.431,.466,26,30,.867,4,50,54,69,14,0,18,26,109
353,D'Angelo Russell\russeda01,SG,23,GSW,8,8,259,74,164,.451,27,69,.391,47,95,.495,.534,35,47,.745,2,30,32,52,6,3,20,12,210
354,Domantas Sabonis\sabondo01,C,23,IND,8,8,285,64,122,.525,3,11,.273,61,111,.550,.537,29,34,.853,26,78,104,33,6,6,20,31,160
355,JaKarr Sampson\sampsja02,SF,26,IND,6,5,125,19,34,.559,1,8,.125,18,26,.692,.574,2,7,.286,6,12,18,2,4,5,3,15,41
356,Dario Šaric\saricda01,PF,25,PHO,9,9,244,30,77,.390,13,39,.333,17,38,.447,.474,10,13,.769,12,41,53,20,12,2,14,17,83
357,Tomáš Satoranský\satorto01,PG,28,CHI,10,10,261,32,70,.457,11,24,.458,21,46,.457,.536,14,16,.875,9,19,28,55,13,2,20,22,89
358,Admiral Schofield\schofad01,SF,22,WAS,5,0,51,7,10,.700,4,7,.571,3,3,1.000,.900,4,4,1.000,2,6,8,1,0,0,0,3,22
359,Dennis Schröder\schrode01,PG,26,OKC,10,0,293,56,128,.438,13,43,.302,43,85,.506,.488,22,29,.759,7,45,52,47,12,3,30,32,147
360,Mike Scott\scottmi01,PF,31,PHI,9,0,158,24,50,.480,10,27,.370,14,23,.609,.580,5,5,1.000,8,21,29,5,3,0,5,20,63
361,Thabo Sefolosha\sefolth01,SF,35,HOU,8,0,86,6,19,.316,4,12,.333,2,7,.286,.421,0,0,,8,16,24,10,2,3,4,8,16
362,Collin Sexton\sextoco01,PG,21,CLE,9,9,279,62,140,.443,19,45,.422,43,95,.453,.511,26,33,.788,6,20,26,19,4,1,14,25,169
363,Landry Shamet\shamela01,SG,22,LAC,10,10,294,30,77,.390,21,58,.362,9,19,.474,.526,10,10,1.000,0,15,15,17,4,1,12,31,91
364,Pascal Siakam\siakapa01,PF,25,TOR,10,10,362,98,202,.485,21,60,.350,77,142,.542,.537,46,54,.852,18,77,95,39,7,5,30,37,263
365,Chris Silva\silvach01,PF,23,MIA,9,0,63,9,13,.692,0,0,,9,13,.692,.692,6,6,1.000,14,7,21,4,3,8,8,17,24
366,Ben Simmons\simmobe01,PG,23,PHI,7,7,223,39,79,.494,0,0,,39,79,.494,.494,14,25,.560,6,32,38,48,21,3,26,21,92
367,Anfernee Simons\simonan01,SG,20,POR,10,0,204,44,88,.500,17,42,.405,27,46,.587,.597,14,18,.778,3,16,19,11,8,2,11,20,119
368,Marcus Smart\smartma01,SG,25,BOS,9,4,277,34,85,.400,22,59,.373,12,26,.462,.529,10,12,.833,5,24,29,42,11,3,8,23,100
369,Dennis Smith\smithde03,PG,22,NYK,3,0,26,1,11,.091,0,3,.000,1,8,.125,.091,1,2,.500,0,1,1,3,1,1,2,6,3
370,Ish Smith\smithis01,PG,31,WAS,8,5,209,26,62,.419,5,19,.263,21,43,.488,.460,4,7,.571,6,16,22,35,4,3,9,18,61
371,Tony Snell\snellto01,SF,28,DET,11,11,320,41,86,.477,28,60,.467,13,26,.500,.640,4,4,1.000,5,12,17,22,7,2,6,22,114
372,Omari Spellman\spellom01,PF,22,GSW,10,0,160,22,54,.407,3,12,.250,19,42,.452,.435,18,21,.857,24,30,54,14,8,6,13,12,65
373,Edmond Sumner\sumneed01,PG,24,IND,3,2,67,9,18,.500,0,3,.000,9,15,.600,.500,3,5,.600,1,2,3,6,5,1,1,9,21
374,Caleb Swanigan\swanica01,PF,22,SAC,4,0,11,1,2,.500,0,0,,1,2,.500,.500,1,2,.500,1,3,4,0,1,2,3,3,3
375,Jayson Tatum\tatumja01,PF,21,BOS,9,9,310,64,164,.390,24,57,.421,40,107,.374,.463,23,30,.767,14,55,69,21,15,6,17,21,175
376,Jeff Teague\teaguje01,PG,31,MIN,6,6,158,26,52,.500,5,15,.333,21,37,.568,.548,22,25,.880,0,13,13,38,8,1,14,16,79
377,Garrett Temple\templga01,SG,33,BRK,9,0,187,22,49,.449,14,36,.389,8,13,.615,.592,7,9,.778,4,19,23,14,12,4,5,13,65
378,Daniel Theis\theisda01,C,27,BOS,8,7,174,18,42,.429,2,9,.222,16,33,.485,.452,11,16,.688,10,41,51,10,2,17,6,27,49
379,Isaiah Thomas\thomais02,PG,30,WAS,6,3,136,30,70,.429,12,33,.364,18,37,.486,.514,7,7,1.000,1,12,13,37,2,2,16,11,79
380,Khyri Thomas\thomakh01,SG,23,DET,2,0,6,0,0,,0,0,,0,0,,,1,2,.500,0,0,0,0,0,0,0,0,1
381,Matt Thomas\thomama02,SG,25,TOR,7,0,79,12,17,.706,9,14,.643,3,3,1.000,.971,2,3,.667,1,6,7,2,3,0,4,10,35
382,Tristan Thompson\thomptr01,C,28,CLE,9,9,303,64,118,.542,1,3,.333,63,115,.548,.547,19,32,.594,44,58,102,23,8,14,6,25,148
383,Matisse Thybulle\thybuma01,SG,22,PHI,8,2,124,8,33,.242,5,21,.238,3,12,.250,.318,6,10,.600,2,6,8,9,14,7,15,22,27
384,Anthony Tolliver\tollian01,PF,34,POR,10,5,174,9,35,.257,7,27,.259,2,8,.250,.357,7,9,.778,7,27,34,8,3,4,7,10,32
385,Karl-Anthony Towns\townska01,C,24,MIN,8,8,264,70,144,.486,30,72,.417,40,72,.556,.590,34,48,.708,22,75,97,34,11,14,21,27,204
386,Gary Trent\trentga02,SG,21,POR,6,0,45,4,13,.308,2,8,.250,2,5,.400,.385,0,0,,3,6,9,2,1,0,1,4,10
387,Allonzo Trier\trieral01,SG,24,NYK,7,1,112,16,33,.485,9,19,.474,7,14,.500,.621,16,21,.762,1,10,11,11,2,3,13,17,57
388,P.J. Tucker\tuckepj01,PF,34,HOU,10,10,340,38,73,.521,22,49,.449,16,24,.667,.671,8,9,.889,16,53,69,18,12,5,13,33,106
389,Evan Turner\turneev01,PG,31,ATL,3,0,34,4,7,.571,0,1,.000,4,6,.667,.571,4,5,.800,0,3,3,7,3,0,2,2,12
390,Myles Turner\turnemy01,C,23,IND,4,4,126,22,40,.550,8,15,.533,14,25,.560,.650,7,9,.778,9,18,27,2,2,5,7,8,59
391,Jonas Valanciunas\valanjo01,C,27,MEM,10,10,225,50,101,.495,6,20,.300,44,81,.543,.525,17,18,.944,18,73,91,20,2,7,21,25,123
392,Denzel Valentine\valende01,SG,26,CHI,1,0,5,1,4,.250,1,2,.500,0,2,.000,.375,0,0,,1,0,1,0,0,0,0,0,3
393,Jarred Vanderbilt\vandeja01,PF,20,DEN,2,0,7,0,0,,0,0,,0,0,,,0,0,,0,1,1,1,0,0,1,0,0
394,Fred VanVleet\vanvlfr01,SG,25,TOR,10,10,382,49,138,.355,24,63,.381,25,75,.333,.442,36,40,.900,1,41,42,77,16,1,24,22,158
395,Noah Vonleh\vonleno01,C,24,MIN,10,0,133,16,32,.500,1,8,.125,15,24,.625,.516,8,9,.889,11,28,39,10,4,2,7,13,41
396,Nikola Vucevic\vucevni01,C,29,ORL,10,10,317,68,156,.436,9,37,.243,59,119,.496,.465,26,30,.867,25,90,115,32,9,10,14,19,171
397,Moritz Wagner\wagnemo01,C,22,WAS,8,0,142,33,55,.600,7,18,.389,26,37,.703,.664,13,15,.867,12,30,42,2,5,10,19,31,86
398,Kemba Walker\walkeke02,PG,29,BOS,9,9,303,68,163,.417,38,87,.437,30,76,.395,.534,51,56,.911,12,34,46,41,8,6,20,16,225
399,Lonnie Walker\walkelo01,SG,21,SAS,6,0,24,2,11,.182,0,2,.000,2,9,.222,.182,1,3,.333,1,6,7,1,0,1,3,4,5
400,Tyrone Wallace\wallaty01,SG,25,ATL,6,0,80,11,22,.500,0,5,.000,11,17,.647,.500,6,11,.545,2,10,12,6,2,0,6,9,28
401,Taurean Waller-Prince\princta02,SF,25,BRK,9,9,275,40,95,.421,25,60,.417,15,35,.429,.553,11,16,.688,9,48,57,12,11,4,18,26,116
402,Derrick Walton\waltode01,PG,24,LAC,2,0,3,0,0,,0,0,,0,0,,,0,0,,0,0,0,0,0,0,0,0,0
403,Brad Wanamaker\wanambr01,PG,30,BOS,9,0,114,16,30,.533,2,6,.333,14,24,.583,.567,8,9,.889,2,15,17,16,7,1,6,14,42
404,T.J. Warren\warretj01,SF,26,IND,10,10,347,79,154,.513,7,26,.269,72,128,.563,.536,15,20,.750,7,26,33,12,14,3,13,27,180
405,PJ Washington\washipj01,PF,21,CHO,10,10,316,50,98,.510,17,35,.486,33,63,.524,.597,18,25,.720,12,50,62,14,14,7,17,23,135
406,Yuta Watanabe\watanyu01,SG,25,MEM,1,0,3,2,2,1.000,0,0,,2,2,1.000,1.000,0,0,,0,1,1,0,0,0,0,1,4
407,Russell Westbrook\westbru01,PG,31,HOU,9,9,297,76,161,.472,9,42,.214,67,119,.563,.500,36,55,.655,13,66,79,67,18,4,41,30,197
408,Coby White\whiteco01,PG,19,CHI,10,0,239,42,122,.344,11,52,.212,31,70,.443,.389,16,23,.696,2,31,33,24,6,0,13,10,111
409,Derrick White\whitede01,PG,25,SAS,10,1,236,41,86,.477,10,25,.400,31,61,.508,.535,27,31,.871,8,21,29,22,4,8,8,27,119
410,Hassan Whiteside\whiteha01,C,30,POR,9,9,252,53,94,.564,0,0,,53,94,.564,.564,28,38,.737,37,81,118,7,4,18,19,28,134
411,Andrew Wiggins\wiggian01,SF,24,MIN,10,10,350,98,207,.473,22,65,.338,76,142,.535,.527,37,51,.725,12,36,48,33,6,11,15,22,255
412,Grant Williams\willigr01,PF,21,BOS,9,0,142,8,30,.267,0,13,.000,8,17,.471,.267,9,12,.750,9,15,24,11,5,6,6,17,25
413,Kenrich Williams\willike04,PF,25,NOP,10,2,205,22,49,.449,12,32,.375,10,17,.588,.571,5,11,.455,15,32,47,17,9,6,4,27,61
414,Lou Williams\willilo02,SG,33,LAC,10,2,319,70,171,.409,17,49,.347,53,122,.434,.459,66,79,.835,5,32,37,56,4,3,29,14,223
415,Marvin Williams\willima02,PF,33,CHO,10,0,173,22,46,.478,11,28,.393,11,18,.611,.598,7,8,.875,4,17,21,5,5,2,5,13,62
416,Robert Williams\williro04,C,22,BOS,8,1,128,21,27,.778,0,0,,21,27,.778,.778,5,9,.556,9,30,39,15,8,13,6,21,47
417,Nigel Williams-Goss\willini01,PG,25,UTA,4,0,8,0,2,.000,0,1,.000,0,1,.000,.000,0,0,,0,0,0,1,0,0,1,1,0
418,D.J. Wilson\wilsodj01,PF,23,MIL,4,0,17,2,9,.222,1,7,.143,1,2,.500,.278,0,0,,0,4,4,2,0,0,1,1,5
419,Justise Winslow\winslju01,SF,23,MIA,5,5,181,28,72,.389,3,12,.250,25,60,.417,.410,10,17,.588,9,31,40,24,5,3,16,17,69
420,Christian Wood\woodch01,PF,24,DET,9,0,132,25,41,.610,8,14,.571,17,27,.630,.707,12,18,.667,8,28,36,3,1,7,9,5,70
421,Delon Wright\wrighde01,SG,27,DAL,10,2,236,32,61,.525,6,16,.375,26,45,.578,.574,12,14,.857,5,31,36,37,11,2,6,12,82
422,Thaddeus Young\youngth01,PF,31,CHI,10,0,221,43,90,.478,13,38,.342,30,52,.577,.550,3,10,.300,10,27,37,16,12,3,14,17,102
423,Trae Young\youngtr01,PG,21,ATL,8,8,260,70,158,.443,25,69,.362,45,89,.506,.522,45,55,.818,6,29,35,67,14,0,39,9,210
424,Cody Zeller\zelleco01,C,27,CHO,9,9,236,46,86,.535,6,20,.300,40,66,.606,.570,18,26,.692,35,53,88,12,5,3,13,22,116
425,Ivica Zubac\zubaciv01,C,22,LAC,10,9,161,35,56,.625,0,0,,35,56,.625,.625,22,26,.846,25,45,70,5,3,14,9,20,92